{
	"label": "Commander",
	"entries": {
		"Advanced Tactical Strike": {
			"name": "Advanced Tactical Strike"
		},
		"Armor Skills": {
			"name": "Armor Skills"
		},
		"Basic Tactical Strike": {
			"name": "Basic Tactical Strike"
		},
		"Battle Captain": {
			"name": "Battle Captain"
		},
		"Buck Up!": {
			"name": "Buck Up!"
		},
		"Chain of Commands": {
			"name": "Chain of Commands"
		},
		"Charge!": {
			"name": "Charge!"
		},
		"Climactic Battle": {
			"name": "Climactic Battle"
		},
		"Combat Maneuver": {
			"name": "Combat Maneuver"
		},
		"Destined to Lead": {
			"name": "Destined to Lead"
		},
		"Enforce Clarity": {
			"name": "Enforce Clarity"
		},
		"Fight from the Front": {
			"name": "Fight from the Front"
		},
		"Finish This!": {
			"name": "Finish This!"
		},
		"Force a Conclusion": {
			"name": "Force a Conclusion"
		},
		"Forceful Command": {
			"name": "Forceful Command"
		},
		"Get out of There!": {
			"name": "Get out of There!"
		},
		"Hit 'Em From Here!": {
			"name": "Hit 'Em From Here!"
		},
		"Hit Harder": {
			"name": "Hit Harder"
		},
		"Into the Fray": {
			"name": "Into the Fray"
		},
		"Just Stay Calm": {
			"name": "Just Stay Calm"
		},
		"Martial Training": {
			"name": "Martial Training"
		},
		"Melee attack (Commander)": {
			"name": "Melee attack (Commander)"
		},
		"Moment of Glory": {
			"name": "Moment of Glory"
		},
		"Natural Command": {
			"name": "Natural Command"
		},
		"Never Say Die": {
			"name": "Never Say Die"
		},
		"Now, Not Later": {
			"name": "Now, Not Later"
		},
		"On Your Feet, Maggots!": {
			"name": "On Your Feet, Maggots!"
		},
		"Outmaneuver": {
			"name": "Outmaneuver"
		},
		"Rally Now": {
			"name": "Rally Now"
		},
		"Ranged Attack (Commander)": {
			"name": "Ranged Attack (Commander)"
		},
		"Save Now!": {
			"name": "Save Now!"
		},
		"Saving Will": {
			"name": "Saving Will"
		},
		"Scramble": {
			"name": "Scramble"
		},
		"Strategist": {
			"name": "Strategist"
		},
		"Strike Here!": {
			"name": "Strike Here!"
		},
		"Supreme Tactical Strike": {
			"name": "Supreme Tactical Strike"
		},
		"Sword Work": {
			"name": "Sword Work"
		},
		"Sword of Victory": {
			"name": "Sword of Victory"
		},
		"Tactician": {
			"name": "Tactician"
		},
		"Try Again": {
			"name": "Try Again"
		},
		"We've Got Your Back!": {
			"name": "We've Got Your Back!"
		},
		"Weigh the Odds": {
			"name": "Weigh the Odds"
		},
		"You Are a Precious Snowflake!": {
			"name": "You Are a Precious Snowflake!"
		},
		"You Know What to Do!": {
			"name": "You Know What to Do!"
		},
		"You Set Them Up, I Finish": {
			"name": "You Set Them Up, I Finish"
		},
		"You'll Die When I Tell You to Die!": {
			"name": "You'll Die When I Tell You to Die!"
		}
	}
}