{
	"label": "Monk",
	"entries": {
		"Abundant Step": {
			"name": "Abundant Step",
			"description": ""
		},
		"Becomes the Pillar of Flame (Rising Phoenix)": {
			"name": "Becomes the Pillar of Flame (Rising Phoenix)"
		},
		"Blue Lightning Fist (Three Evil Dragons)": {
			"name": "Blue Lightning Fist (Three Evil Dragons)"
		},
		"Bracers as Magic Items": {
			"name": "Bracers as Magic Items",
			"description": ""
		},
		"Bronze Thwarts an Army (Way of the Metallic Dragon)": {
			"name": "Bronze Thwarts an Army (Way of the Metallic Dragon)",
			"description": ""
		},
		"Cat Cuts Between Hounds (Claws of the Panther)": {
			"name": "Cat Cuts Between Hounds (Claws of the Panther)",
			"description": ""
		},
		"Champion of Three Worlds": {
			"name": "Champion of Three Worlds",
			"description": ""
		},
		"Coils Dispense Blessings (Feathered Serpent)": {
			"name": "Coils Dispense Blessings (Feathered Serpent)"
		},
		"Crane Summons Carp (Three Cunning Tricksters)": {
			"name": "Crane Summons Carp (Three Cunning Tricksters)",
			"description": ""
		},
		"Diamond Focus": {
			"name": "Diamond Focus",
			"description": ""
		},
		"Disciple of the Hidden Flame": {
			"name": "Disciple of the Hidden Flame",
			"description": ""
		},
		"Feathers on Talons on Scales (Feathered Serpent)": {
			"name": "Feathers on Talons on Scales (Feathered Serpent)"
		},
		"First Deadly Venom (Original Venom)": {
			"name": "First Deadly Venom (Original Venom)"
		},
		"Fist Shows the Path to Wisdom (Flagrant Blossoms)": {
			"name": "Fist Shows the Path to Wisdom (Flagrant Blossoms)"
		},
		"Flurry (7 Deadly Secrets)": {
			"name": "Flurry (7 Deadly Secrets)",
			"description": "<p>Flurry is better than Greeting Fist and Temple Weapon Master because Flurry helps you most in the longest and toughest battles.</p>"
		},
		"Forms": {
			"name": "Forms",
			"description": ""
		},
		"Fox Senses Weakness (Three Cunning Tricksters)": {
			"name": "Fox Senses Weakness (Three Cunning Tricksters)"
		},
		"General Slays the Horde 2nd Atk (Way of the Metallic Dragon)": {
			"name": "General Slays the Horde 2nd Atk (Way of the Metallic Dragon)"
		},
		"General Slays the Hordes (Way of the Metallic Dragon)": {
			"name": "General Slays the Hordes (Way of the Metallic Dragon)",
			"description": ""
		},
		"Ghostwalk of the Fallen King (Death’s Quivering Shadow)": {
			"name": "Ghostwalk of the Fallen King (Death’s Quivering Shadow)",
			"description": ""
		},
		"Greeting Fist (7 Deadly Secrets)": {
			"name": "Greeting Fist (7 Deadly Secrets)",
			"description": "<p>Greeting Fist is better than the other Deadly Secrets because it improves your otherwise weak opening attacks, combines well with forms that help you disengage, and rewards you for having fun jumping around the battle to fight new enemies each round.</p>"
		},
		"Heaven's Arrow": {
			"name": "Heaven's Arrow",
			"description": "<p>Heaven’s Arrow allows normal ranged attacks. If you use it while engaged with enemies before you have the epic feat, they may be able to make opportunity attacks against you.</p>"
		},
		"Improbable Stunt": {
			"name": "Improbable Stunt",
			"description": ""
		},
		"Invoke the Name (Death’s Quivering Shadow)": {
			"name": "Invoke the Name (Death’s Quivering Shadow)"
		},
		"JAB, PUNCH, and KICK Attacks": {
			"name": "JAB, PUNCH, and KICK Attacks",
			"description": ""
		},
		"Ki": {
			"name": "Ki",
			"description": ""
		},
		"Leaf on Wind": {
			"name": "Leaf on Wind",
			"description": "<p>The flight provided by Leaf on Wind is a lot more like jumping and being blown by magic winds than like perfectly controlled hover-capable flight. Monks that fly are going somewhere, or just maybe posing dramatically for a moment, or possibly spy-hopping. We’re talking Hong Kong movies with actors being flung through the air on wires, not superhero-movie flight.</p>"
		},
		"Life Burning Fire Fist (Rising Phoenix)": {
			"name": "Life Burning Fire Fist (Rising Phoenix)",
			"description": ""
		},
		"Lotus Dreams the World (Flagrant Blossoms)": {
			"name": "Lotus Dreams the World (Flagrant Blossoms)",
			"description": ""
		},
		"Melee attack (Monk)": {
			"name": "Melee attack (Monk)"
		},
		"Monkey Taps the Shoulder (Three Cunning Tricksters)": {
			"name": "Monkey Taps the Shoulder (Three Cunning Tricksters)",
			"description": ""
		},
		"Moon in Storming Sky (Heaven’s Thunder)": {
			"name": "Moon in Storming Sky (Heaven’s Thunder)"
		},
		"No Mercy (Iron Crusader Form)": {
			"name": "No Mercy (Iron Crusader Form)",
			"description": ""
		},
		"No Retreat (Iron Crusader Form)": {
			"name": "No Retreat (Iron Crusader Form)",
			"description": ""
		},
		"No Weakness (Iron Crusader Form)": {
			"name": "No Weakness (Iron Crusader Form)",
			"description": ""
		},
		"One Must be Free (Dutiful Guardian)": {
			"name": "One Must be Free (Dutiful Guardian)"
		},
		"Overworld Lineage / Phoenix Touched": {
			"name": "Overworld Lineage / Phoenix Touched",
			"description": ""
		},
		"Panther Spins Free (Claws of the Panther)": {
			"name": "Panther Spins Free (Claws of the Panther)",
			"description": ""
		},
		"Path of the Perfect Warrior": {
			"name": "Path of the Perfect Warrior",
			"description": ""
		},
		"Poisoned Heaven Kick (Feathered Serpent)": {
			"name": "Poisoned Heaven Kick (Feathered Serpent)",
			"description": ""
		},
		"Precise Mantis Kick (Dance of the Mantis)": {
			"name": "Precise Mantis Kick (Dance of the Mantis)",
			"description": ""
		},
		"Procession of the Sun and the Moon": {
			"name": "Procession of the Sun and the Moon",
			"description": ""
		},
		"Ranged Attack (Monk)": {
			"name": "Ranged Attack (Monk)"
		},
		"Red Fury (Three Evil Dragons)": {
			"name": "Red Fury (Three Evil Dragons)",
			"description": ""
		},
		"Rising Phoenix Fist (Rising Phoenix)": {
			"name": "Rising Phoenix Fist (Rising Phoenix)"
		},
		"Second Certain Toxin (Original Venom)": {
			"name": "Second Certain Toxin (Original Venom)"
		},
		"Silver Warrior Advances (Way of the Metallic Dragon)": {
			"name": "Silver Warrior Advances (Way of the Metallic Dragon)"
		},
		"Spinning Willow Style": {
			"name": "Spinning Willow Style",
			"description": ""
		},
		"Spiral Ascension Widens (Spiral Path)": {
			"name": "Spiral Ascension Widens (Spiral Path)"
		},
		"Springing Mantis Strike (Dance of the Mantis)": {
			"name": "Springing Mantis Strike (Dance of the Mantis)",
			"description": ""
		},
		"Stalking Tiger (Tiger in Storm)": {
			"name": "Stalking Tiger (Tiger in Storm)"
		},
		"Star Joins as Ally (Spiral Path)": {
			"name": "Star Joins as Ally (Spiral Path)",
			"description": ""
		},
		"Striped Lightning Roars (Tiger in Storm)": {
			"name": "Striped Lightning Roars (Tiger in Storm)",
			"description": ""
		},
		"Stunning Fist (Death’s Quivering Shadow)": {
			"name": "Stunning Fist (Death’s Quivering Shadow)"
		},
		"Temple Lion Stands True (Dutiful Guardian)": {
			"name": "Temple Lion Stands True (Dutiful Guardian)",
			"description": ""
		},
		"Temple Weapon Master (7 Deadly Secrets)": {
			"name": "Temple Weapon Master (7 Deadly Secrets)",
			"description": "<p>Temple Weapon Master is the best Deadly Secret because it enables you to turn failure into victory, and because it blends offense and defense, as long as you are willing to spend some ki.</p>"
		},
		"The Burning Shadow (Three Evil Dragons)": {
			"name": "The Burning Shadow (Three Evil Dragons)"
		},
		"The Cycle Opens (Spiral Path)": {
			"name": "The Cycle Opens (Spiral Path)"
		},
		"The Petals Open (Flagrant Blossoms)": {
			"name": "The Petals Open (Flagrant Blossoms)",
			"description": "<p>The flagrant blossoms form is said to have been created by the last Grand Master of Flowers. If you’re not already an enemy of the ogre magi, you will be when you use this form.</p>"
		},
		"The Pincer Whirls Shut (Dance of the Mantis)": {
			"name": "The Pincer Whirls Shut (Dance of the Mantis)"
		},
		"Third Poisonous Lesson (Original Venom)": {
			"name": "Third Poisonous Lesson (Original Venom)",
			"description": ""
		},
		"This Too was Forseen (Heaven’s Thunder)": {
			"name": "This Too was Forseen (Heaven’s Thunder)",
			"description": ""
		},
		"Thunder Restores the Balance (Heaven’s Thunder)": {
			"name": "Thunder Restores the Balance (Heaven’s Thunder)"
		},
		"Tiger Follows Blood (Tiger in Storm)": {
			"name": "Tiger Follows Blood (Tiger in Storm)"
		},
		"Twinned Panther Claw (Claws of the Panther)": {
			"name": "Twinned Panther Claw (Claws of the Panther)",
			"description": ""
		},
		"Two-Weapon Fighting": {
			"name": "Two-Weapon Fighting",
			"description": ""
		},
		"Wind Horse Shakes Mane (Dutiful Guardian)": {
			"name": "Wind Horse Shakes Mane (Dutiful Guardian)"
		}
	}
}