{
	"label": "General Feats",
	"entries": {
		"Further Backgrounding": {
			"name": "Further Backgrounding",
			"description": ""
		},
		"Improved Initiative": {
			"name": "Improved Initiative",
			"description": ""
		},
		"Linguist": {
			"name": "Linguist",
			"description": ""
		},
		"Precise Shot": {
			"name": "Precise Shot",
			"description": ""
		},
		"Rapid Reload": {
			"name": "Rapid Reload",
			"description": ""
		},
		"Reach Tricks": {
			"name": "Reach Tricks",
			"description": ""
		},
		"Ritual Casting": {
			"name": "Ritual Casting",
			"description": ""
		},
		"Skill Escalation": {
			"name": "Skill Escalation",
			"description": ""
		},
		"Strong Recovery": {
			"name": "Strong Recovery",
			"description": ""
		},
		"Toughness": {
			"name": "Toughness",
			"description": ""
		}
	}
}