{
	"label": "Occultist",
	"entries": {
		"(Hewer of Truth) Melee attack": {
			"name": "(Hewer of Truth) Melee attack"
		},
		"Arcane Implements": {
			"name": "Arcane Implements"
		},
		"Arcane Loop": {
			"name": "Arcane Loop"
		},
		"Better Yet, Here": {
			"name": "Better Yet, Here"
		},
		"Bitter Lessons": {
			"name": "Bitter Lessons"
		},
		"Blood for Blood": {
			"name": "Blood for Blood"
		},
		"Brain-Melting Secrets": {
			"name": "Brain-Melting Secrets"
		},
		"Brilliant Comeback": {
			"name": "Brilliant Comeback"
		},
		"Call of Doom": {
			"name": "Call of Doom"
		},
		"Crooked Step": {
			"name": "Crooked Step"
		},
		"Delayed Magical Healing": {
			"name": "Delayed Magical Healing"
		},
		"Diversion of Pain": {
			"name": "Diversion of Pain"
		},
		"Fateful Confrontation": {
			"name": "Fateful Confrontation"
		},
		"Focus and Spellcasting": {
			"name": "Focus and Spellcasting"
		},
		"Fortune Smiles": {
			"name": "Fortune Smiles"
		},
		"Hasten Fate": {
			"name": "Hasten Fate"
		},
		"Hewer of Truth": {
			"name": "Hewer of Truth"
		},
		"Icon Channeler": {
			"name": "Icon Channeler"
		},
		"Icon Envoy": {
			"name": "Icon Envoy"
		},
		"Inevitable Fall": {
			"name": "Inevitable Fall"
		},
		"Karmic Rebuke": {
			"name": "Karmic Rebuke"
		},
		"Liberating Blow": {
			"name": "Liberating Blow"
		},
		"Melee attack (Occultist)": {
			"name": "Melee attack (Occultist)"
		},
		"Moment of Karma": {
			"name": "Moment of Karma"
		},
		"Otherworld Shadow": {
			"name": "Otherworld Shadow"
		},
		"Ranged Attack (Occultist)": {
			"name": "Ranged Attack (Occultist)"
		},
		"Rebuke": {
			"name": "Rebuke"
		},
		"Rewind the Skeins": {
			"name": "Rewind the Skeins"
		},
		"Spell Choices and Flexible Recharge": {
			"name": "Spell Choices and Flexible Recharge"
		},
		"Stance of Necessity": {
			"name": "Stance of Necessity"
		},
		"Stifle": {
			"name": "Stifle"
		},
		"Strike of the Last Breath": {
			"name": "Strike of the Last Breath"
		},
		"Superior Rebuke": {
			"name": "Superior Rebuke"
		},
		"Timely Mistake": {
			"name": "Timely Mistake"
		},
		"Uniqueness": {
			"name": "Uniqueness"
		},
		"Unwinding the Soul": {
			"name": "Unwinding the Soul"
		},
		"Warp Flesh": {
			"name": "Warp Flesh"
		}
	}
}