{
	"label": "Chaos Mage",
	"entries": {
		"Ancient Scales": {
			"name": "Ancient Scales"
		},
		"Arcane Implements & Common Spell Roster": {
			"name": "Arcane Implements & Common Spell Roster",
			"description": ""
		},
		"Attacking Warp": {
			"name": "Attacking Warp",
			"description": ""
		},
		"Blarrrrgh!": {
			"name": "Blarrrrgh!"
		},
		"Bolt and Thunder": {
			"name": "Bolt and Thunder"
		},
		"Cascading Power": {
			"name": "Cascading Power"
		},
		"Castigation": {
			"name": "Castigation"
		},
		"Chaos Blessing": {
			"name": "Chaos Blessing"
		},
		"Chaos Magic": {
			"name": "Chaos Magic",
			"description": ""
		},
		"Chaos Ray": {
			"name": "Chaos Ray"
		},
		"Coronation": {
			"name": "Coronation"
		},
		"Defensive Warp": {
			"name": "Defensive Warp",
			"description": ""
		},
		"Evil Touch": {
			"name": "Evil Touch"
		},
		"Fiery Claw": {
			"name": "Fiery Claw",
			"description": ""
		},
		"Final Wrath": {
			"name": "Final Wrath"
		},
		"Force Tentacle": {
			"name": "Force Tentacle"
		},
		"High Weirdness": {
			"name": "High Weirdness",
			"description": ""
		},
		"Holy Spark": {
			"name": "Holy Spark"
		},
		"Iconic Warp": {
			"name": "Iconic Warp",
			"description": ""
		},
		"Melee attack (Chaos Mage)": {
			"name": "Melee attack (Chaos Mage)"
		},
		"Ours!": {
			"name": "Ours!"
		},
		"Ranged Attack (Chaos Mage)": {
			"name": "Ranged Attack (Chaos Mage)"
		},
		"Savage Endings": {
			"name": "Savage Endings"
		},
		"Separate Existence": {
			"name": "Separate Existence",
			"description": ""
		},
		"Shadow Dance": {
			"name": "Shadow Dance"
		},
		"Shards of Magic": {
			"name": "Shards of Magic"
		},
		"Silver Arrows": {
			"name": "Silver Arrows"
		},
		"Stench of Necromancy": {
			"name": "Stench of Necromancy",
			"description": ""
		},
		"Step into Shadow": {
			"name": "Step into Shadow"
		},
		"Temple Bells": {
			"name": "Temple Bells"
		},
		"Terribly Spiky Armor": {
			"name": "Terribly Spiky Armor"
		},
		"The Final Surge": {
			"name": "The Final Surge"
		},
		"Tortured Scream": {
			"name": "Tortured Scream"
		},
		"Touch of Wizardry": {
			"name": "Touch of Wizardry",
			"description": ""
		},
		"Trace of Corruption": {
			"name": "Trace of Corruption"
		},
		"Trace of the Divine": {
			"name": "Trace of the Divine",
			"description": ""
		},
		"Twisted Beam": {
			"name": "Twisted Beam"
		},
		"Unsummoning": {
			"name": "Unsummoning"
		},
		"War Drums": {
			"name": "War Drums"
		},
		"Warped Healing": {
			"name": "Warped Healing"
		},
		"Whiff of Sorcery": {
			"name": "Whiff of Sorcery",
			"description": ""
		},
		"Yours!": {
			"name": "Yours!"
		}
	}
}