{
	"label": "SRD Monsters",
	"entries": {
		"Adult Remorhaz": {
			"name": "Adult Remorhaz"
		},
		"Aerial Spore": {
			"name": "Aerial Spore"
		},
		"Air Elemental": {
			"name": "Air Elemental"
		},
		"Ancient Purple Worm": {
			"name": "Ancient Purple Worm"
		},
		"Ankheg": {
			"name": "Ankheg"
		},
		"Apex Zorigami": {
			"name": "Apex Zorigami"
		},
		"Archer Stirge": {
			"name": "Archer Stirge"
		},
		"Avenging Orb": {
			"name": "Avenging Orb"
		},
		"Awakened Trees": {
			"name": "Awakened Trees"
		},
		"Azer Soldier": {
			"name": "Azer Soldier"
		},
		"Balor (flame demon)": {
			"name": "Balor (flame demon)"
		},
		"Barbarous Bugbear": {
			"name": "Barbarous Bugbear"
		},
		"Barbed Devil (Hamatula)": {
			"name": "Barbed Devil (Hamatula)"
		},
		"Barbellite": {
			"name": "Barbellite"
		},
		"Basilisk": {
			"name": "Basilisk"
		},
		"Bat Demon": {
			"name": "Bat Demon"
		},
		"Bear": {
			"name": "Bear"
		},
		"Bearded Devil (Barbazu)": {
			"name": "Bearded Devil (Barbazu)"
		},
		"Bergship Raider (Frost)": {
			"name": "Bergship Raider (Frost)"
		},
		"Big Air Elemental": {
			"name": "Big Air Elemental"
		},
		"Big Earth Elemental": {
			"name": "Big Earth Elemental"
		},
		"Big Fire Elemental": {
			"name": "Big Fire Elemental"
		},
		"Big Water Elemental": {
			"name": "Big Water Elemental"
		},
		"Big Zombie": {
			"name": "Big Zombie"
		},
		"Binding Bride": {
			"name": "Binding Bride"
		},
		"Black Pudding": {
			"name": "Black Pudding"
		},
		"Black Skull": {
			"name": "Black Skull"
		},
		"Blackamber Skeletal Legionnaire": {
			"name": "Blackamber Skeletal Legionnaire"
		},
		"Blizzard Dragon (White)": {
			"name": "Blizzard Dragon (White)"
		},
		"Blood Rose": {
			"name": "Blood Rose"
		},
		"Blue Sorcerer": {
			"name": "Blue Sorcerer"
		},
		"Bone Devil (Osyluth)": {
			"name": "Bone Devil (Osyluth)"
		},
		"Boombug": {
			"name": "Boombug"
		},
		"Braincap": {
			"name": "Braincap"
		},
		"Bronze Golem": {
			"name": "Bronze Golem"
		},
		"Bugbear": {
			"name": "Bugbear"
		},
		"Bugbear Schemer": {
			"name": "Bugbear Schemer"
		},
		"Bugbear Scout": {
			"name": "Bugbear Scout"
		},
		"Bulette": {
			"name": "Bulette"
		},
		"Cambion Dirk": {
			"name": "Cambion Dirk"
		},
		"Cambion Hellblade": {
			"name": "Cambion Hellblade"
		},
		"Cambion Katar": {
			"name": "Cambion Katar"
		},
		"Cambion Sickle": {
			"name": "Cambion Sickle"
		},
		"Catacomb Dragon (Black)": {
			"name": "Catacomb Dragon (Black)"
		},
		"Cave Orc": {
			"name": "Cave Orc"
		},
		"Cenotaph Dragon (White)": {
			"name": "Cenotaph Dragon (White)"
		},
		"Centaur Champion": {
			"name": "Centaur Champion"
		},
		"Centaur Lancer": {
			"name": "Centaur Lancer"
		},
		"Centaur Raider": {
			"name": "Centaur Raider"
		},
		"Centaur Ranger": {
			"name": "Centaur Ranger"
		},
		"Chaos Beast": {
			"name": "Chaos Beast"
		},
		"Chaos Behemoth": {
			"name": "Chaos Behemoth"
		},
		"Chaos Brute": {
			"name": "Chaos Brute"
		},
		"Chaos Glorp": {
			"name": "Chaos Glorp"
		},
		"Chimera": {
			"name": "Chimera"
		},
		"Chuul": {
			"name": "Chuul"
		},
		"Chuulish Slave": {
			"name": "Chuulish Slave"
		},
		"Chuulish Swarm": {
			"name": "Chuulish Swarm"
		},
		"Claw Flower": {
			"name": "Claw Flower"
		},
		"Clay Golem": {
			"name": "Clay Golem"
		},
		"Cloud Giant Thane": {
			"name": "Cloud Giant Thane"
		},
		"Cloud Giant Warrior": {
			"name": "Cloud Giant Warrior"
		},
		"Cobbler Stirge": {
			"name": "Cobbler Stirge"
		},
		"Common Treant": {
			"name": "Common Treant"
		},
		"Corpse Dybbuk": {
			"name": "Corpse Dybbuk"
		},
		"Couatl": {
			"name": "Couatl"
		},
		"Coursing Manticore": {
			"name": "Coursing Manticore"
		},
		"Crimsoncap": {
			"name": "Crimsoncap"
		},
		"Crustycap": {
			"name": "Crustycap"
		},
		"Dawn Zorigami": {
			"name": "Dawn Zorigami"
		},
		"Death Blossom": {
			"name": "Death Blossom"
		},
		"Death-Plague Orc": {
			"name": "Death-Plague Orc"
		},
		"Deathly Warbanner": {
			"name": "Deathly Warbanner"
		},
		"Decrepit Skeleton": {
			"name": "Decrepit Skeleton"
		},
		"Deep Bulette": {
			"name": "Deep Bulette"
		},
		"Demon-Touched Human Ranger": {
			"name": "Demon-Touched Human Ranger"
		},
		"Demonic Ogre": {
			"name": "Demonic Ogre"
		},
		"Derro Maniac": {
			"name": "Derro Maniac"
		},
		"Derro Sage": {
			"name": "Derro Sage"
		},
		"Despoiler": {
			"name": "Despoiler"
		},
		"Despoiler Mage": {
			"name": "Despoiler Mage"
		},
		"Destroying Sword": {
			"name": "Destroying Sword"
		},
		"Dire Bear": {
			"name": "Dire Bear"
		},
		"Dire Boar": {
			"name": "Dire Boar"
		},
		"Dire Rat": {
			"name": "Dire Rat"
		},
		"Dire Tiger": {
			"name": "Dire Tiger"
		},
		"Dire Wolf": {
			"name": "Dire Wolf"
		},
		"Djinn": {
			"name": "Djinn"
		},
		"Dread Specter": {
			"name": "Dread Specter"
		},
		"Dretch": {
			"name": "Dretch"
		},
		"Drider": {
			"name": "Drider"
		},
		"Drow Cavalry": {
			"name": "Drow Cavalry"
		},
		"Drow Soldier": {
			"name": "Drow Soldier"
		},
		"Drow Spider-Mage": {
			"name": "Drow Spider-Mage"
		},
		"Drow Spider-Sorceress": {
			"name": "Drow Spider-Sorceress"
		},
		"Drow Sword Maiden": {
			"name": "Drow Sword Maiden"
		},
		"Dusk Zorigami": {
			"name": "Dusk Zorigami"
		},
		"Earth Elemental": {
			"name": "Earth Elemental"
		},
		"Efreet": {
			"name": "Efreet"
		},
		"Elder Manafang Naga": {
			"name": "Elder Manafang Naga"
		},
		"Elder Sparkscale Naga": {
			"name": "Elder Sparkscale Naga"
		},
		"Elder Spore": {
			"name": "Elder Spore"
		},
		"Elder Swaysong Naga": {
			"name": "Elder Swaysong Naga"
		},
		"Elder Wendigo": {
			"name": "Elder Wendigo"
		},
		"Empyrean Dragon (Black)": {
			"name": "Empyrean Dragon (Black)"
		},
		"Enduring Shield": {
			"name": "Enduring Shield"
		},
		"Epic Air Elemental": {
			"name": "Epic Air Elemental"
		},
		"Epic Earth Elemental": {
			"name": "Epic Earth Elemental"
		},
		"Epic Fire Elemental": {
			"name": "Epic Fire Elemental"
		},
		"Epic Water Elemental": {
			"name": "Epic Water Elemental"
		},
		"Ethereal Dybbuk": {
			"name": "Ethereal Dybbuk"
		},
		"Ettercap Acolyte": {
			"name": "Ettercap Acolyte"
		},
		"Ettercap Hunter": {
			"name": "Ettercap Hunter"
		},
		"Ettercap Keeper": {
			"name": "Ettercap Keeper"
		},
		"Ettercap Supplicant": {
			"name": "Ettercap Supplicant"
		},
		"Ettercap Warrior": {
			"name": "Ettercap Warrior"
		},
		"Ettin": {
			"name": "Ettin"
		},
		"Fallen Lammasu": {
			"name": "Fallen Lammasu"
		},
		"Fang Devil": {
			"name": "Fang Devil"
		},
		"Feral Warbanner": {
			"name": "Feral Warbanner"
		},
		"Fire Bat": {
			"name": "Fire Bat"
		},
		"Fire Elemental": {
			"name": "Fire Elemental"
		},
		"Fire Giant": {
			"name": "Fire Giant"
		},
		"Fire Giant Warlord": {
			"name": "Fire Giant Warlord"
		},
		"Five-Headed Hydra": {
			"name": "Five-Headed Hydra"
		},
		"Flamewreathed Dragon (Red)": {
			"name": "Flamewreathed Dragon (Red)"
		},
		"Flaming Skull": {
			"name": "Flaming Skull"
		},
		"Flesh Golem": {
			"name": "Flesh Golem"
		},
		"Frenzy Demon": {
			"name": "Frenzy Demon"
		},
		"Frost Giant": {
			"name": "Frost Giant"
		},
		"Frost Giant Adventurer": {
			"name": "Frost Giant Adventurer"
		},
		"Frost-Würm": {
			"name": "Frost-Würm"
		},
		"Fungaloid Creeper": {
			"name": "Fungaloid Creeper"
		},
		"Fungaloid Drudge": {
			"name": "Fungaloid Drudge"
		},
		"Fungaloid Empress": {
			"name": "Fungaloid Empress"
		},
		"Fungaloid Monarch": {
			"name": "Fungaloid Monarch"
		},
		"Fury Devil (Erinyes)": {
			"name": "Fury Devil (Erinyes)"
		},
		"Gargoyle": {
			"name": "Gargoyle"
		},
		"Gelatinous Cubahedron (aka Cube)": {
			"name": "Gelatinous Cubahedron (aka Cube)"
		},
		"Gelatinous Cube": {
			"name": "Gelatinous Cube"
		},
		"Gelatinous Dodecaedron": {
			"name": "Gelatinous Dodecaedron"
		},
		"Gelatinous Octahedron": {
			"name": "Gelatinous Octahedron"
		},
		"Gelatinous Tetrahedron": {
			"name": "Gelatinous Tetrahedron"
		},
		"Ghast": {
			"name": "Ghast"
		},
		"Ghoul": {
			"name": "Ghoul"
		},
		"Ghoul Fleshripper": {
			"name": "Ghoul Fleshripper"
		},
		"Ghoul Licklash": {
			"name": "Ghoul Licklash"
		},
		"Ghoul Pusbuster": {
			"name": "Ghoul Pusbuster"
		},
		"Giant Ant": {
			"name": "Giant Ant"
		},
		"Giant Praying Mantis": {
			"name": "Giant Praying Mantis"
		},
		"Giant Scorpion": {
			"name": "Giant Scorpion"
		},
		"Giant Vrock (vulture demon)": {
			"name": "Giant Vrock (vulture demon)"
		},
		"Giant Web Spider": {
			"name": "Giant Web Spider"
		},
		"Giant Zombie": {
			"name": "Giant Zombie"
		},
		"Glabrezou (pincer demon)": {
			"name": "Glabrezou (pincer demon)"
		},
		"Gnoll Fiendfletch": {
			"name": "Gnoll Fiendfletch"
		},
		"Gnoll Ranger": {
			"name": "Gnoll Ranger"
		},
		"Gnoll Savage": {
			"name": "Gnoll Savage"
		},
		"Gnoll Shredder": {
			"name": "Gnoll Shredder"
		},
		"Gnoll War Leader": {
			"name": "Gnoll War Leader"
		},
		"Goblin Bat Mage": {
			"name": "Goblin Bat Mage"
		},
		"Goblin Grunt": {
			"name": "Goblin Grunt"
		},
		"Goblin Scum": {
			"name": "Goblin Scum"
		},
		"Goblin Shaman": {
			"name": "Goblin Shaman"
		},
		"Gorge Dragon (Black)": {
			"name": "Gorge Dragon (Black)"
		},
		"Gravemeat": {
			"name": "Gravemeat"
		},
		"Great Fang Cadre": {
			"name": "Great Fang Cadre"
		},
		"Greathoard elder (Red)": {
			"name": "Greathoard elder (Red)"
		},
		"Green Bulette": {
			"name": "Green Bulette"
		},
		"Hag": {
			"name": "Hag"
		},
		"Hagunemnon": {
			"name": "Hagunemnon"
		},
		"Half-Orc Commander": {
			"name": "Half-Orc Commander"
		},
		"Half-Orc Tribal Champion": {
			"name": "Half-Orc Tribal Champion"
		},
		"Harpy": {
			"name": "Harpy"
		},
		"Headless Zombie": {
			"name": "Headless Zombie"
		},
		"Hell Imp": {
			"name": "Hell Imp"
		},
		"Hellhound": {
			"name": "Hellhound"
		},
		"Hellwasp": {
			"name": "Hellwasp"
		},
		"Hezrou (toad demon)": {
			"name": "Hezrou (toad demon)"
		},
		"Hill Giant": {
			"name": "Hill Giant"
		},
		"Hoard Spirit (Red)": {
			"name": "Hoard Spirit (Red)"
		},
		"Hoardsong Dragon (Red)": {
			"name": "Hoardsong Dragon (Red)"
		},
		"Hobgoblin Captain": {
			"name": "Hobgoblin Captain"
		},
		"Hobgoblin Warmage": {
			"name": "Hobgoblin Warmage"
		},
		"Hobgoblin Warrior": {
			"name": "Hobgoblin Warrior"
		},
		"Honey Devil, aka Slime Devil": {
			"name": "Honey Devil, aka Slime Devil"
		},
		"Hooded Devil": {
			"name": "Hooded Devil"
		},
		"Hook Scuttler": {
			"name": "Hook Scuttler"
		},
		"Hooked Demon": {
			"name": "Hooked Demon"
		},
		"Horned Devil (Cornugon)": {
			"name": "Horned Devil (Cornugon)"
		},
		"Huge Black Dragon": {
			"name": "Huge Black Dragon"
		},
		"Huge Blue Dragon": {
			"name": "Huge Blue Dragon"
		},
		"Huge Brass Dragon (Metallic)": {
			"name": "Huge Brass Dragon (Metallic)"
		},
		"Huge Bronze Dragon (Metallic)": {
			"name": "Huge Bronze Dragon (Metallic)"
		},
		"Huge Copper Dragon (Metallic)": {
			"name": "Huge Copper Dragon (Metallic)"
		},
		"Huge Gold Dragon (Metallic)": {
			"name": "Huge Gold Dragon (Metallic)"
		},
		"Huge Green Dragon": {
			"name": "Huge Green Dragon"
		},
		"Huge Red Dragon": {
			"name": "Huge Red Dragon"
		},
		"Huge Silver Dragon (Metallic)": {
			"name": "Huge Silver Dragon (Metallic)"
		},
		"Huge White Dragon": {
			"name": "Huge White Dragon"
		},
		"Human Rabble": {
			"name": "Human Rabble"
		},
		"Human Thug": {
			"name": "Human Thug"
		},
		"Human Zombie": {
			"name": "Human Zombie"
		},
		"Hungry Star": {
			"name": "Hungry Star"
		},
		"Hunting Spider": {
			"name": "Hunting Spider"
		},
		"Ice Devil (Gelugon)": {
			"name": "Ice Devil (Gelugon)"
		},
		"Ice Sorceress (Frost)": {
			"name": "Ice Sorceress (Frost)"
		},
		"Ice Zombie": {
			"name": "Ice Zombie"
		},
		"Iconic Chimera": {
			"name": "Iconic Chimera"
		},
		"Imp": {
			"name": "Imp"
		},
		"Intelect devourer": {
			"name": "Intelect devourer"
		},
		"Intellect Assassin": {
			"name": "Intellect Assassin"
		},
		"Iron Golem": {
			"name": "Iron Golem"
		},
		"Jest Bones": {
			"name": "Jest Bones"
		},
		"Jotun Auroch": {
			"name": "Jotun Auroch"
		},
		"Kobold Archer": {
			"name": "Kobold Archer"
		},
		"Kobold Bravescale": {
			"name": "Kobold Bravescale"
		},
		"Kobold Dog-Rider": {
			"name": "Kobold Dog-Rider"
		},
		"Kobold Dragon-Soul": {
			"name": "Kobold Dragon-Soul"
		},
		"Kobold Dungeon-Shaman": {
			"name": "Kobold Dungeon-Shaman"
		},
		"Kobold Engineer": {
			"name": "Kobold Engineer"
		},
		"Kobold Grand Wizard": {
			"name": "Kobold Grand Wizard"
		},
		"Kobold Hero": {
			"name": "Kobold Hero"
		},
		"Kobold Shadow-Warrior": {
			"name": "Kobold Shadow-Warrior"
		},
		"Kobold Skyclaw": {
			"name": "Kobold Skyclaw"
		},
		"Kobold Warrior": {
			"name": "Kobold Warrior"
		},
		"Lammasu Priest": {
			"name": "Lammasu Priest"
		},
		"Lammasu Warrior": {
			"name": "Lammasu Warrior"
		},
		"Lammasu Wizard": {
			"name": "Lammasu Wizard"
		},
		"Large Black Dragon": {
			"name": "Large Black Dragon"
		},
		"Large Blue Dragon": {
			"name": "Large Blue Dragon"
		},
		"Large Brass Dragon (Metallic)": {
			"name": "Large Brass Dragon (Metallic)"
		},
		"Large Bronze Dragon (Metallic)": {
			"name": "Large Bronze Dragon (Metallic)"
		},
		"Large Copper Dragon (Metallic)": {
			"name": "Large Copper Dragon (Metallic)"
		},
		"Large Gold Dragon (Metallic)": {
			"name": "Large Gold Dragon (Metallic)"
		},
		"Large Green Dragon": {
			"name": "Large Green Dragon"
		},
		"Large Red Dragon": {
			"name": "Large Red Dragon"
		},
		"Large Silver Dragon (Metallic)": {
			"name": "Large Silver Dragon (Metallic)"
		},
		"Large White Dragon": {
			"name": "Large White Dragon"
		},
		"Lemure": {
			"name": "Lemure"
		},
		"Lethal Lothario": {
			"name": "Lethal Lothario"
		},
		"Lich Baroness": {
			"name": "Lich Baroness"
		},
		"Lich Count": {
			"name": "Lich Count"
		},
		"Lich Flower": {
			"name": "Lich Flower"
		},
		"Lich Prince": {
			"name": "Lich Prince"
		},
		"Lizardman Savage": {
			"name": "Lizardman Savage"
		},
		"Lokkris": {
			"name": "Lokkris"
		},
		"Lumberland Dirt-Fisher": {
			"name": "Lumberland Dirt-Fisher"
		},
		"Magma Brute": {
			"name": "Magma Brute"
		},
		"Manafang Naga": {
			"name": "Manafang Naga"
		},
		"Manticore": {
			"name": "Manticore"
		},
		"Manticore Bard": {
			"name": "Manticore Bard"
		},
		"Mantikumhar": {
			"name": "Mantikumhar"
		},
		"Marble Golem": {
			"name": "Marble Golem"
		},
		"Marilith (serpent demon)": {
			"name": "Marilith (serpent demon)"
		},
		"Massive Mutant Chuul": {
			"name": "Massive Mutant Chuul"
		},
		"Mausoleum Dragon (White)": {
			"name": "Mausoleum Dragon (White)"
		},
		"Medium Black Dragon": {
			"name": "Medium Black Dragon"
		},
		"Medium Blue Dragon": {
			"name": "Medium Blue Dragon"
		},
		"Medium Brass Dragon (Metallic)": {
			"name": "Medium Brass Dragon (Metallic)"
		},
		"Medium Bronze Dragon (Metallic)": {
			"name": "Medium Bronze Dragon (Metallic)"
		},
		"Medium Copper Dragon (Metallic)": {
			"name": "Medium Copper Dragon (Metallic)"
		},
		"Medium Gold Dragon (Metallic)": {
			"name": "Medium Gold Dragon (Metallic)"
		},
		"Medium Green Dragon": {
			"name": "Medium Green Dragon"
		},
		"Medium Red Dragon": {
			"name": "Medium Red Dragon"
		},
		"Medium Silver Dragon (Metallic)": {
			"name": "Medium Silver Dragon (Metallic)"
		},
		"Medium White Dragon": {
			"name": "Medium White Dragon"
		},
		"Medusa Noble": {
			"name": "Medusa Noble"
		},
		"Medusa Outlaw": {
			"name": "Medusa Outlaw"
		},
		"Minotaur": {
			"name": "Minotaur"
		},
		"Moon Dragon (White)": {
			"name": "Moon Dragon (White)"
		},
		"Mummy": {
			"name": "Mummy"
		},
		"Nalfeshnee (boar demon)": {
			"name": "Nalfeshnee (boar demon)"
		},
		"Newly-Risen Ghoul": {
			"name": "Newly-Risen Ghoul"
		},
		"Ochre Jelly": {
			"name": "Ochre Jelly"
		},
		"Ogre": {
			"name": "Ogre"
		},
		"Ogre Berserker": {
			"name": "Ogre Berserker"
		},
		"Ogre Champion": {
			"name": "Ogre Champion"
		},
		"Ogre Crusader": {
			"name": "Ogre Crusader"
		},
		"Ogre Lightning Mage": {
			"name": "Ogre Lightning Mage"
		},
		"Ogre Mage": {
			"name": "Ogre Mage"
		},
		"Ogre Minion": {
			"name": "Ogre Minion"
		},
		"Ogre Penitent": {
			"name": "Ogre Penitent"
		},
		"Orc Battle Screamer": {
			"name": "Orc Battle Screamer"
		},
		"Orc Berserker": {
			"name": "Orc Berserker"
		},
		"Orc Rager": {
			"name": "Orc Rager"
		},
		"Orc Shaman": {
			"name": "Orc Shaman"
		},
		"Orc Tusker": {
			"name": "Orc Tusker"
		},
		"Orc Warrior": {
			"name": "Orc Warrior"
		},
		"Orcish Archer": {
			"name": "Orcish Archer"
		},
		"Otyugh": {
			"name": "Otyugh"
		},
		"Owlbear": {
			"name": "Owlbear"
		},
		"Parasitic Dybbuk": {
			"name": "Parasitic Dybbuk"
		},
		"Parasitic Lightning Beetle": {
			"name": "Parasitic Lightning Beetle"
		},
		"Phase Spider": {
			"name": "Phase Spider"
		},
		"Pit Fiend": {
			"name": "Pit Fiend"
		},
		"Pit-Spawn Orc": {
			"name": "Pit-Spawn Orc"
		},
		"Pixie Pod": {
			"name": "Pixie Pod"
		},
		"Pixie Warrior": {
			"name": "Pixie Warrior"
		},
		"Podling": {
			"name": "Podling"
		},
		"Poison Dandelion": {
			"name": "Poison Dandelion"
		},
		"Prismatic Ogre Mage": {
			"name": "Prismatic Ogre Mage"
		},
		"Purple Larva": {
			"name": "Purple Larva"
		},
		"Purple Worm": {
			"name": "Purple Worm"
		},
		"Rakshasa": {
			"name": "Rakshasa"
		},
		"Ravenous Bumoorah": {
			"name": "Ravenous Bumoorah"
		},
		"Ravenous Cannibal": {
			"name": "Ravenous Cannibal"
		},
		"Razor Shark": {
			"name": "Razor Shark"
		},
		"Redcap": {
			"name": "Redcap"
		},
		"Remorhaz Queen": {
			"name": "Remorhaz Queen"
		},
		"River Devil": {
			"name": "River Devil"
		},
		"River Devil Minion": {
			"name": "River Devil Minion"
		},
		"Rust Monster": {
			"name": "Rust Monster"
		},
		"Rust Monster Obliterator": {
			"name": "Rust Monster Obliterator"
		},
		"Sahuagin": {
			"name": "Sahuagin"
		},
		"Sahuagin Glow Priest": {
			"name": "Sahuagin Glow Priest"
		},
		"Sahuagin Mutant": {
			"name": "Sahuagin Mutant"
		},
		"Sahuagin Raider": {
			"name": "Sahuagin Raider"
		},
		"Screaming Skull": {
			"name": "Screaming Skull"
		},
		"Sea Shark": {
			"name": "Sea Shark"
		},
		"Seven-Headed Hydra": {
			"name": "Seven-Headed Hydra"
		},
		"Shadow Dragon": {
			"name": "Shadow Dragon"
		},
		"Shadow Thief": {
			"name": "Shadow Thief"
		},
		"Skeletal Hound": {
			"name": "Skeletal Hound"
		},
		"Skeleton Archer": {
			"name": "Skeleton Archer"
		},
		"Skeleton Warrior": {
			"name": "Skeleton Warrior"
		},
		"Skin Devil": {
			"name": "Skin Devil"
		},
		"Skull of the Beast": {
			"name": "Skull of the Beast"
		},
		"Slime-Skull": {
			"name": "Slime-Skull"
		},
		"Small Air Elemental": {
			"name": "Small Air Elemental"
		},
		"Small Earth Elemental": {
			"name": "Small Earth Elemental"
		},
		"Small Fire Elemental": {
			"name": "Small Fire Elemental"
		},
		"Small Water Elemental": {
			"name": "Small Water Elemental"
		},
		"Smoke Minions": {
			"name": "Smoke Minions"
		},
		"Soul Flenser": {
			"name": "Soul Flenser"
		},
		"Sparkscale Naga": {
			"name": "Sparkscale Naga"
		},
		"Spawn of the Master": {
			"name": "Spawn of the Master"
		},
		"Specter": {
			"name": "Specter"
		},
		"Spider Mount": {
			"name": "Spider Mount"
		},
		"Spinneret Doxy": {
			"name": "Spinneret Doxy"
		},
		"Splotchcap": {
			"name": "Splotchcap"
		},
		"Sporrior": {
			"name": "Sporrior"
		},
		"Squib Swarm": {
			"name": "Squib Swarm"
		},
		"Stirge": {
			"name": "Stirge"
		},
		"Stirgelings": {
			"name": "Stirgelings"
		},
		"Stone Giant": {
			"name": "Stone Giant"
		},
		"Stone Golem": {
			"name": "Stone Golem"
		},
		"Storm Giant": {
			"name": "Storm Giant"
		},
		"Swarm Prince": {
			"name": "Swarm Prince"
		},
		"Swarm of Bats": {
			"name": "Swarm of Bats"
		},
		"Swarming Maw": {
			"name": "Swarming Maw"
		},
		"Swaysong Naga": {
			"name": "Swaysong Naga"
		},
		"Tarrasque": {
			"name": "Tarrasque"
		},
		"The Final Devil": {
			"name": "The Final Devil"
		},
		"The Flensed": {
			"name": "The Flensed"
		},
		"The Woven": {
			"name": "The Woven"
		},
		"Thunder Bat": {
			"name": "Thunder Bat"
		},
		"Treant Titan": {
			"name": "Treant Titan"
		},
		"Trog": {
			"name": "Trog"
		},
		"Trog Chanter": {
			"name": "Trog Chanter"
		},
		"Trog Underling": {
			"name": "Trog Underling"
		},
		"Troll": {
			"name": "Troll"
		},
		"Umluppuk": {
			"name": "Umluppuk"
		},
		"Vampire": {
			"name": "Vampire"
		},
		"Vampire Spawn": {
			"name": "Vampire Spawn"
		},
		"Vicious Warbanner": {
			"name": "Vicious Warbanner"
		},
		"Void Dragon (Black)": {
			"name": "Void Dragon (Black)"
		},
		"Volcano Dragon (Red)": {
			"name": "Volcano Dragon (Red)"
		},
		"Vrock (vulture demon)": {
			"name": "Vrock (vulture demon)"
		},
		"Warped Beast": {
			"name": "Warped Beast"
		},
		"Watch Skull": {
			"name": "Watch Skull"
		},
		"Water Elemental": {
			"name": "Water Elemental"
		},
		"Weaver Swarm": {
			"name": "Weaver Swarm"
		},
		"Wendigo Spirit": {
			"name": "Wendigo Spirit"
		},
		"Werebear": {
			"name": "Werebear"
		},
		"Wereboar": {
			"name": "Wereboar"
		},
		"Wererat": {
			"name": "Wererat"
		},
		"Weretiger": {
			"name": "Weretiger"
		},
		"Werewolf": {
			"name": "Werewolf"
		},
		"Whispering Prophet": {
			"name": "Whispering Prophet"
		},
		"White Dragon Hatchling": {
			"name": "White Dragon Hatchling"
		},
		"Wibble": {
			"name": "Wibble"
		},
		"Wight": {
			"name": "Wight"
		},
		"Winter Beast": {
			"name": "Winter Beast"
		},
		"Wolf": {
			"name": "Wolf"
		},
		"Wraith": {
			"name": "Wraith"
		},
		"Wraith Bat": {
			"name": "Wraith Bat"
		},
		"Wyvern": {
			"name": "Wyvern"
		},
		"Zealous Warbanner": {
			"name": "Zealous Warbanner"
		},
		"Zombie Beast": {
			"name": "Zombie Beast"
		},
		"Zombie Shuffler": {
			"name": "Zombie Shuffler"
		},
		"Zombie of the Silver Rose": {
			"name": "Zombie of the Silver Rose"
		}
	}
}