{
	"label": "Druid",
	"entries": {
		"Air & Fire": {
			"name": "Air & Fire",
			"description": ""
		},
		"Air Mastery": {
			"name": "Air Mastery"
		},
		"Ancestral Guidance": {
			"name": "Ancestral Guidance"
		},
		"Animal Companion": {
			"name": "Animal Companion"
		},
		"Animal Companion 1 (Druid)": {
			"name": "Animal Companion 1 (Druid)"
		},
		"Animal Companion 2 (Druid)": {
			"name": "Animal Companion 2 (Druid)"
		},
		"Animal Companion 3 (Druid)": {
			"name": "Animal Companion 3 (Druid)"
		},
		"Animal Companion 4 (Druid)": {
			"name": "Animal Companion 4 (Druid)"
		},
		"Armor of Shell & Spirits": {
			"name": "Armor of Shell & Spirits"
		},
		"Barkskin": {
			"name": "Barkskin"
		},
		"Bear Aspect": {
			"name": "Bear Aspect"
		},
		"Beast Form": {
			"name": "Beast Form"
		},
		"Beast Form Attack": {
			"name": "Beast Form Attack"
		},
		"Beast Spirits": {
			"name": "Beast Spirits"
		},
		"Behemoth Aspect": {
			"name": "Behemoth Aspect"
		},
		"Behemoth’s Endurance": {
			"name": "Behemoth’s Endurance"
		},
		"Blood is Strong": {
			"name": "Blood is Strong"
		},
		"Bull’s Strength": {
			"name": "Bull’s Strength"
		},
		"Call Lightning": {
			"name": "Call Lightning",
			"description": ""
		},
		"Cat’s Grace": {
			"name": "Cat’s Grace"
		},
		"Cave, Dungeon, Underworld": {
			"name": "Cave, Dungeon, Underworld"
		},
		"Cone of Cold": {
			"name": "Cone of Cold"
		},
		"Deeper Waters": {
			"name": "Deeper Waters"
		},
		"Devastation": {
			"name": "Devastation",
			"description": ""
		},
		"Druidic Summoning": {
			"name": "Druidic Summoning",
			"description": "<h2 id=\"standard-action-spells\">Standard action spells</h2><p>Casting a summoning spell generally requires a standard action. The creature(s) you summon appears next to you, though feats or powers might enable you to summon it nearby instead.</p><h2 id=\"duration\">Duration</h2><p>A summoned creature fights for you until the end of the battle or until it drops to 0 hit points. At 0 hp, summoned creatures are slain and removed from the battle.</p><h2 id=\"one-summoning-spell-at-a-time\">One summoning spell at a time</h2><p>Each spellcaster can have only a single summoning spell active at a time. If all the creatures from an earlier summoning spell have been slain, you’re free to cast another. Alternatively,you can dismiss your own previously summoned creatures as a quick action to clear the way for a new summoning spell.</p><h2 id=\"halfway-there\">Halfway there</h2><p>Summoned creatures are not the same as real creatures. They’re partly real, partly magical. Their abilities don’t always match the capabilities of the creatures that the adventurers encounter for real. Sometimes this is reflected in a summoned creature’s attacks or abilities. It’s always reflected in a summoned creature’s hit points.</p><h2 id=\"hit-points\">Hit points</h2><p>Each summoned creature stat block indicates its base hit points. Starting hit points for summoned creatures are nearly always lower than hit points for non-summoned versions of the same creature. Some class feats might increase the hit points of summoned creatures.</p><h2 id=\"actions-on-arrival\">Actions on arrival</h2><p>The turn you summon a creature, that creature takes its turn immediately after your turn in initiative order. During its turn, the summoned creature can act like any other creature, taking a standard, move, and quick action. The summoned creature continues to take its turn immediately after you (even if your initiative order changes) until the end of the battle.</p><h2 id=\"escalation-die\">Escalation die</h2><p>As a rule, summoned creatures don’t benefit from the escalation die. A summoned creature can add the escalation die to attacks, however, if you use a quick action to give it orders or magical reinforcement. The summoned creature then gets to use the escalation die until the start of your next turn, including for opportunity attacks and other attacks that it gets to make during other creatures’ turns.</p><p>For example, during the turn you summon the creature, you use a quick action afterward to give it orders, allowing it to use the escalation die bonus. At the start of your next turn, the creature no longer gets to use the escalation die, so you’ll have to use another quick action again during that turn for the creature to keep getting the benefit.</p><p>If you’ve summoned a mob of mooks, a single quick action lets every member of the mob use the escalation die.</p><h2 id=\"allies\">Allies</h2><p>Summoned creatures generally count as your allies (for roleplaying as well as for resolving effects).</p><h2 id=\"no-recoveries-bad-healing\">No recoveries, bad healing</h2><p>Summoned creatures don’t have recoveries. If you cast a healing spell on a summoned creature that requires the use of a recovery, the summoned creature heals hit points equal to your level. If you use an effect that would heal a summoned creature without using a recovery, the summoned creature only heals half the normal hit points of the effect. Temporary hit points still work normally.</p><h2 id=\"no-nastier-specials\">No nastier specials</h2><p>Creatures you summon don’t use nastier specials.</p><h2 id=\"spell-or-creature\">Spell or creature</h2><p>When a summoning spell is cast, it’s definitely a spell. After casting the spell, a summoned creature is a creature.</p>"
		},
		"Earth Mastery": {
			"name": "Earth Mastery",
			"description": ""
		},
		"Earth Strength": {
			"name": "Earth Strength"
		},
		"Elemental Pivot": {
			"name": "Elemental Pivot"
		},
		"Entangle": {
			"name": "Entangle"
		},
		"Faerie Fire": {
			"name": "Faerie Fire",
			"description": ""
		},
		"Fire Mastery": {
			"name": "Fire Mastery"
		},
		"Flame Seeds (Fire)": {
			"name": "Flame Seeds (Fire)"
		},
		"Flame Spear": {
			"name": "Flame Spear"
		},
		"Fog Bank (Water)": {
			"name": "Fog Bank (Water)",
			"description": ""
		},
		"Forest, Woods": {
			"name": "Forest, Woods"
		},
		"Frost Touch (Terrain Feat Spell)": {
			"name": "Frost Touch (Terrain Feat Spell)"
		},
		"Fungal Ambuscade": {
			"name": "Fungal Ambuscade"
		},
		"Greater Regeneration": {
			"name": "Greater Regeneration"
		},
		"Greenmantle": {
			"name": "Greenmantle"
		},
		"Gust (Air)": {
			"name": "Gust (Air)",
			"description": ""
		},
		"Hail": {
			"name": "Hail",
			"description": ""
		},
		"Harmony": {
			"name": "Harmony",
			"description": ""
		},
		"Heat Metal": {
			"name": "Heat Metal",
			"description": ""
		},
		"How Things End": {
			"name": "How Things End",
			"description": ""
		},
		"Ice Shield": {
			"name": "Ice Shield"
		},
		"Ice, Tundra, Deep Snow": {
			"name": "Ice, Tundra, Deep Snow",
			"description": ""
		},
		"Icicle": {
			"name": "Icicle"
		},
		"Inevitable Collapse": {
			"name": "Inevitable Collapse",
			"description": ""
		},
		"Invoke the Storm": {
			"name": "Invoke the Storm"
		},
		"Leopard Aspect": {
			"name": "Leopard Aspect"
		},
		"Lightning Strikes (Air)": {
			"name": "Lightning Strikes (Air)",
			"description": ""
		},
		"Magic Fang": {
			"name": "Magic Fang"
		},
		"Mantis Aspect": {
			"name": "Mantis Aspect"
		},
		"Melee attack (Druid)": {
			"name": "Melee attack (Druid)"
		},
		"Migration Route (Large Herd Animal)": {
			"name": "Migration Route (Large Herd Animal)"
		},
		"Migratory Teleport": {
			"name": "Migratory Teleport",
			"description": ""
		},
		"Mountains": {
			"name": "Mountains",
			"description": ""
		},
		"Nature’s Fury": {
			"name": "Nature’s Fury"
		},
		"Owlbear Aspect": {
			"name": "Owlbear Aspect"
		},
		"Owl’s Wisdom": {
			"name": "Owl’s Wisdom"
		},
		"Pack Link": {
			"name": "Pack Link"
		},
		"Plains, Overworld": {
			"name": "Plains, Overworld",
			"description": ""
		},
		"Plantwalk": {
			"name": "Plantwalk"
		},
		"Poison Thorns (Terrain Feat Spell)": {
			"name": "Poison Thorns (Terrain Feat Spell)",
			"description": ""
		},
		"Purification Chant": {
			"name": "Purification Chant",
			"description": ""
		},
		"Rain of Acorns (Terrain Feat Spell)": {
			"name": "Rain of Acorns (Terrain Feat Spell)"
		},
		"Ranged Attack (Druid)": {
			"name": "Ranged Attack (Druid)"
		},
		"Reclamation": {
			"name": "Reclamation",
			"description": ""
		},
		"Red Claw": {
			"name": "Red Claw"
		},
		"Regeneration": {
			"name": "Regeneration",
			"description": ""
		},
		"Resilience": {
			"name": "Resilience"
		},
		"Ripping Vines": {
			"name": "Ripping Vines",
			"description": ""
		},
		"Ruination (Terrain Feat Spell)": {
			"name": "Ruination (Terrain Feat Spell)",
			"description": ""
		},
		"Ruins": {
			"name": "Ruins",
			"description": ""
		},
		"Rumble": {
			"name": "Rumble",
			"description": ""
		},
		"Scout Form": {
			"name": "Scout Form"
		},
		"Scout Form (2nd feat)": {
			"name": "Scout Form (2nd feat)"
		},
		"Shake It Off": {
			"name": "Shake It Off"
		},
		"Shillelagh": {
			"name": "Shillelagh"
		},
		"Spark (Terrain Feat Spell)": {
			"name": "Spark (Terrain Feat Spell)",
			"description": ""
		},
		"Spider Climb": {
			"name": "Spider Climb"
		},
		"Spikestones": {
			"name": "Spikestones"
		},
		"Spirit Guardian": {
			"name": "Spirit Guardian"
		},
		"Spirits of the Land": {
			"name": "Spirits of the Land"
		},
		"Stomp!": {
			"name": "Stomp!",
			"description": ""
		},
		"Stoneskin": {
			"name": "Stoneskin",
			"description": ""
		},
		"Strength of Earth": {
			"name": "Strength of Earth"
		},
		"Summon Air Elemental": {
			"name": "Summon Air Elemental",
			"description": ""
		},
		"Summon Earth Elemental": {
			"name": "Summon Earth Elemental",
			"description": ""
		},
		"Summon Fire Elemental": {
			"name": "Summon Fire Elemental",
			"description": ""
		},
		"Summon Water Elemental": {
			"name": "Summon Water Elemental",
			"description": ""
		},
		"Sunbeams (Terrain Feat Spell)": {
			"name": "Sunbeams (Terrain Feat Spell)",
			"description": ""
		},
		"Swamp, Lake, River": {
			"name": "Swamp, Lake, River",
			"description": ""
		},
		"Talk to Animals": {
			"name": "Talk to Animals"
		},
		"The Beast Shrugs": {
			"name": "The Beast Shrugs"
		},
		"The Big Muddy": {
			"name": "The Big Muddy"
		},
		"Tiger Aspect": {
			"name": "Tiger Aspect"
		},
		"Vitality": {
			"name": "Vitality"
		},
		"Wall of Stone (Earth)": {
			"name": "Wall of Stone (Earth)"
		},
		"Warrior Druid": {
			"name": "Warrior Druid"
		},
		"Warrior’s Blessing": {
			"name": "Warrior’s Blessing"
		},
		"Water Breathing": {
			"name": "Water Breathing",
			"description": ""
		},
		"Water Mastery": {
			"name": "Water Mastery"
		},
		"Ways of the Dark (Terrain Feat Spell)": {
			"name": "Ways of the Dark (Terrain Feat Spell)"
		},
		"Whoomph (Terrain Feat Spell)": {
			"name": "Whoomph (Terrain Feat Spell)"
		},
		"Wild Harmony": {
			"name": "Wild Harmony"
		},
		"Wild Heal (Druid)": {
			"name": "Wild Heal (Druid)"
		},
		"Wild Healer": {
			"name": "Wild Healer"
		},
		"Wolverine Aspect": {
			"name": "Wolverine Aspect"
		}
	}
}