{
	"label": "Multiclass Feats",
	"entries": {
		"Archery Multiclass": {
			"name": "Archery Multiclass"
		},
		"Armored Warfare": {
			"name": "Armored Warfare"
		},
		"Armored in Life": {
			"name": "Armored in Life"
		},
		"Continual Warp": {
			"name": "Continual Warp"
		},
		"Controlled Rage": {
			"name": "Controlled Rage"
		},
		"Diverse Gathering": {
			"name": "Diverse Gathering"
		},
		"Many Fronts": {
			"name": "Many Fronts"
		},
		"Seize the Momentum": {
			"name": "Seize the Momentum"
		},
		"True Flexibility": {
			"name": "True Flexibility"
		},
		"Two-weapon Multiclass": {
			"name": "Two-weapon Multiclass"
		},
		"Wider Focus": {
			"name": "Wider Focus"
		}
	}
}